Workbook

Sheet Legend
A1: Wallet Security Review Tracker
A2: Security-Property-Driven Wallet Assurance — one row per flow × property × adversary.
A4: How to use
A5: Yellow cells on the Tracker are inputs. The green row (CUST-001) is a worked example; overwrite or delete it.
A6: Property column: note the class (invariant / safety / liveness). Liveness is a security property only where a deadline turns delay into loss.
A7: Pre-populated rows map each flow to the property and threat category that must be assessed; edit adversary, assumption and scenario per platform.
A8: The review is complete when every row has a Status. Summary updates automatically.
A9: Evidence: link to the design, model, code or test — do not copy content in.
A11: Assurance level
A12: L1 — Design: specification and flow analysis
A13: L2 — Implementation: code, configuration and library review against the specification
A14: L3 — Adversarial: reproduced attacks, fault injection, negative tests
... A31: Rule: 'no attack found' is never recorded as Supported without evidence.

Sheet Review Record
A1: Review record and sign-off
A3: Scope
A4: Documents reviewed (name and version / commit)
A5: Flows in scope
A6: Flows out of scope (with reason)
A7: Domain profile
A8: Evidence level available
A9: Phase B gate: agreed before analysis
A10: Security properties confirmed by (architect)
A11: Cryptographic properties reviewed by (cryptographer)
A12: Adversary model and scope agreed by (risk owner)
A13: Gate date
... A20: Evidence archive location

Sheet Summary
A1: Review summary
A3: Status | B3: L1 | C3: L2 | D3: L3 | E3: No level | F3: Total
A4: Supported | B4: =COUNTIFS(Tracker!$K$2:$K$87,$A4,Tracker!$J$2:$J$87,"L1") -> 0 | C4: =COUNTIFS(Tracker!$K$2:$K$87,$A4,Tracker!$J$2:$J$87,"L2") -> 0 | D4: =COUNTIFS(Tracker!$K$2:$K$87,$A4,Tracker!$J$2:$J$87,"L3") -> 0 | E4: =COUNTIFS(Tracker!$K$2:$K$87,$A4,Tracker!$J$2:$J$87,"") -> 0 | F4: =SUM(B4:E4) -> 0
A5: Violated | B5: =COUNTIFS(Tracker!$K$2:$K$87,$A5,Tracker!$J$2:$J$87,"L1") -> 0 | C5: =COUNTIFS(Tracker!$K$2:$K$87,$A5,Tracker!$J$2:$J$87,"L2") -> 0 | D5: =COUNTIFS(Tracker!$K$2:$K$87,$A5,Tracker!$J$2:$J$87,"L3") -> 0 | E5: =COUNTIFS(Tracker!$K$2:$K$87,$A5,Tracker!$J$2:$J$87,"") -> 0 | F5: =SUM(B5:E5) -> 0
A6: Unverified | B6: =COUNTIFS(Tracker!$K$2:$K$87,$A6,Tracker!$J$2:$J$87,"L1") -> 1 | C6: =COUNTIFS(Tracker!$K$2:$K$87,$A6,Tracker!$J$2:$J$87,"L2") -> 0 | D6: =COUNTIFS(Tracker!$K$2:$K$87,$A6,Tracker!$J$2:$J$87,"L3") -> 0 | E6: =COUNTIFS(Tracker!$K$2:$K$87,$A6,Tracker!$J$2:$J$87,"") -> 0 | F6: =SUM(B6:E6) -> 1
A7: Out of scope | B7: =COUNTIFS(Tracker!$K$2:$K$87,$A7,Tracker!$J$2:$J$87,"L1") -> 0 | C7: =COUNTIFS(Tracker!$K$2:$K$87,$A7,Tracker!$J$2:$J$87,"L2") -> 0 | D7: =COUNTIFS(Tracker!$K$2:$K$87,$A7,Tracker!$J$2:$J$87,"L3") -> 0 | E7: =COUNTIFS(Tracker!$K$2:$K$87,$A7,Tracker!$J$2:$J$87,"") -> 0 | F7: =SUM(B7:E7) -> 0
A8: Risk accepted | B8: =COUNTIFS(Tracker!$K$2:$K$87,$A8,Tracker!$J$2:$J$87,"L1") -> 0 | C8: =COUNTIFS(Tracker!$K$2:$K$87,$A8,Tracker!$J$2:$J$87,"L2") -> 0 | D8: =COUNTIFS(Tracker!$K$2:$K$87,$A8,Tracker!$J$2:$J$87,"L3") -> 0 | E8: =COUNTIFS(Tracker!$K$2:$K$87,$A8,Tracker!$J$2:$J$87,"") -> 0 | F8: =SUM(B8:E8) -> 0
A9: Total assessed | B9: =SUM(B4:B8) -> 1 | C9: =SUM(C4:C8) -> 0 | D9: =SUM(D4:D8) -> 0 | E9: =SUM(E4:E8) -> 0 | F9: =SUM(F4:F8) -> 1
A11: Rows with no status (open) | F11: =COUNTIFS(Tracker!$B$2:$B$87,"<>",Tracker!$K$2:$K$87,"") -> 25
A12: Coverage complete | F12: =IF(F11=0,"Yes","No") -> No
A14: Open Critical/High violations | F14: =COUNTIFS(Tracker!$K$2:$K$87,"Violated",Tracker!$L$2:$L$87,"Critical")+COUNTIFS(Tracker!$K$2:$K$87,"Violated",Tracker!$L$2:$L$87,"High") -> 0
A15: Critical/High Supported, not Proved or Tested | F15: =COUNTIFS(Tracker!$K$2:$K$87,"Supported",Tracker!$L$2:$L$87,"Critical",Tracker!$I$2:$I$87,"Argued")+COUNTIFS(Tracker!$K$2:$K$87,"Supported",Tracker!$L$2:$L$87,"Critical",Tracker!$I$2:$I$87,"Asserted")+COUNTIFS(Tracker!$K$2:$K$87,"Supported",Tracker!$L$2:$L$87,"High",Tracker!$I$2:$I$87,"Argued")+COUNTIFS(Tracker!$K$2:$K$87,"Supported",Tracker!$L$2:$L$87,"High",Tracker!$I$2:$I$87,"Asserted") -> 0

Sheet Tracker
A1: ID | B1: Flow | C1: Property | D1: Threat category | E1: Adversary | F1: Assumption | G1: Attack scenario | H1: Evidence | I1: Evidence type | J1: Level | K1: Status | L1: Severity | M1: Owner | N1: Ticket
A2: CUST-001 | B2: Withdrawal | C2: Injective authorisation-to-signature correspondence on the exact digest | D2: Authorisation binding | E2: Controls coordinator and network; not approval authority or a signer threshold | F2: Each signer verifies an authorisation artefact bound to the digest before contributing | G2: Coordinator substitutes digest after approval, or replays an approval | H2: Signing request schema (L1); signer validation code; substitution and replay tests | I2: Asserted | J2: L1 | K2: Unverified | L2: Critical | M2: Wallet architect | N2: —
A3: CUST-002 | B3: Wallet creation | C3: Key material is generated with adequate entropy and never exists whole outside the signing boundary | D3: Key lifecycle
A4: CUST-003 | B4: Wallet creation | C4: DKG output is verified by all participants; a malicious participant cannot bias or learn the key | D4: Threshold implementation
A5: CUST-004 | B5: Deposit | C5: Deposit address shown to the client is the address controlled by the platform | D5: Address integrity
A6: CUST-005 | B6: Deposit | C6: Credited balance matches confirmed on-chain receipt, including reorg handling | D6: Ledger reconciliation
A7: CUST-006 | B7: Withdrawal | C7: Approver's displayed intent equals the signed payload (calldata, delegatecall, EIP-712) | D7: Approver display integrity (WYSIWYS)
A8: CUST-007 | B8: Withdrawal | C8: Destination is on the approved whitelist at signing time | D8: Address integrity
A9: CUST-008 | B9: Approval | C9: Approval quorum and policy version are enforced by the signing boundary, not only the coordinator | D9: Authorisation binding
A10: CUST-009 | B10: Transaction construction | C10: Chain ID, nonce and fee are bound and cannot be altered or replayed cross-chain | D10: Chain semantics
A11: CUST-010 | B11: Transaction construction | C11: UTXO change outputs return to platform-controlled addresses | D11: Chain semantics
A12: CUST-011 | B12: Signing | C12: Nonces / presignatures are never reused and are unbiased | D12: Threshold implementation
A13: CUST-012 | B13: Signing | C13: All ZK and range proofs assumed by the protocol's security proof are generated and verified | D13: Threshold implementation
A14: CUST-013 | B14: Signing | C14: Signer runs only in an attested environment; attestation is verified before key use | D14: Execution environment
... A27: CUST-026 | B27: Cryptographic inventory | C27: Every algorithm, key size and lifetime is inventoried with a PQC migration path | D27: Quantum

Sheet Threat Catalogue
A1: Category | B1: Questions the review must answer
A2: Approver display integrity (WYSIWYS) | B2: Can approver's view diverge from what is signed? Trusted calldata decoding? Faithful rendering of delegatecall, proxy upgrades, EIP-712?
A3: Authorisation binding | B3: Approval bound to exact digest, policy version and freshness? Replay, reuse or reordering possible?
A4: Chain semantics | B4: Chain-ID / cross-chain replay; nonce management; fee and RBF manipulation; UTXO change validation; token approvals and permits
A5: Address integrity | B5: Deposit-address generation and display; whitelist changes; address poisoning
A6: Key lifecycle | B6: DKG and ceremony; share refresh; backup, restore and snapshot rollback; destruction
A7: Threshold implementation | B7: Nonce / presignature reuse and bias; required ZK and range proofs present; abort handling
A8: Execution environment | B8: HSM or enclave attestation; side channels; dependency and supply-chain integrity
A9: Privileged paths | B9: Policy changes, admin collusion, break-glass, recovery quorums
A10: Ledger reconciliation | B10: Internal ledger vs on-chain state; reorgs; stuck transactions; trust in RPC/indexer data
A11: Quantum | B11: Harvest-now-decrypt-later on key-share transport and backups; on-chain public key exposure; chain-level signature scheme; crypto-agility; PQC standards and HSM support
